number,transliteration,status,prompt_id,error
001,Al-Fatiha,success,879e4a98-069b-4f90-a7cb-fb030748fd7c,
002,Al-Baqarah,success,7aa4dd19-984f-45a3-b817-264f8e7122c3,
003,Aal-i-Imran,success,54f99fed-0075-4d33-ba53-ecd89da15238,
004,An-Nisa,success,2c19e3da-db22-42d3-b9c1-059a861f7892,
005,Al-Ma'idah,success,0f5f588c-e3ba-4d2b-af4b-df2978e878bf,
006,Al-An'am,success,6a295f61-8085-43b5-bf1a-a11c7203110b,
007,Al-A'raf,success,f455367b-20e6-40a0-92f0-2a3911670c26,
008,Al-Anfal,success,8eb5e793-d527-4f76-bfa5-68f8038e682d,
009,At-Tawbah,success,d0eeeb07-6d5e-4413-b0c1-0b5965292832,
010,Yunus,success,2c160714-0dc5-4cbf-bf73-b76f158b90da,
011,Hud,success,99838cb2-9287-496c-9e20-6fe84c9cabc3,
012,Yusuf,success,75f0b665-f6d0-49e9-b4a3-c6ec262c87cc,
013,Ar-Ra'd,success,7f482a59-bcee-49b0-933e-301a69b47d6a,
014,Ibrahim,success,7cdf41b8-79e6-46fd-8033-df2c78db482b,
015,Al-Hijr,success,176a86d7-61a5-4a48-8c5d-dc73a45b435e,
016,An-Nahl,success,68f8b98d-3eaa-4a87-ad81-5f56a7bbdfb7,
017,Al-Isra,success,56ba0ccc-b355-4479-a630-ed605e0b6967,
018,Al-Kahf,success,e1fbb51b-8053-4bcc-ac51-2c71a361bc94,
019,Maryam,success,f28fb6a4-c07a-4673-8c6c-c06d5a4679e8,
020,Ta-Ha,success,51ecd8f1-f328-4e2b-8f4e-b1a710c7bd7c,
021,Al-Anbiya,success,47c4b13b-42df-42b9-8835-06595cb638dd,
022,Al-Hajj,success,fc15499d-45cd-4d72-bcc3-c853b8edb3b2,
023,Al-Mu'minun,success,cbfb253a-dabc-4046-ba6c-440f35d978ab,
024,An-Nur,success,b5c4f76d-fc86-4a2c-891c-98a84de93296,
025,Al-Furqan,success,c3a62dd8-5e8c-489a-a431-f8f2c8f28932,
026,Ash-Shu'ara,success,086d3564-95e5-4252-b0c6-8b3374ee7c3f,
027,An-Naml,success,0c41bc31-1c8c-4f74-ac78-5eedbdbae703,
028,Al-Qasas,success,de03cf3c-9f0e-4799-aac2-370da44ac5a2,
029,Al-Ankabut,success,c350ee07-f8a0-4717-9bcc-0ad149ac8caa,
030,Ar-Rum,success,0eda2537-6a08-4085-8a7e-b81d93fe9968,
031,Luqman,success,09fd9e8b-6ddf-477f-87bd-ebc11b46c181,
032,As-Sajdah,success,149c24cf-706d-463a-bc90-553b9caa0582,
033,Al-Ahzab,success,cdc95775-0293-4c6f-bcb0-6d3717febae5,
034,Saba,success,1ba3672b-8700-449a-93ee-6a0931e605a9,
035,Fatir,success,102b92cd-a3e8-48ae-9188-971e2cc79742,
036,Ya-Sin,success,1b5f4db5-6bcb-4e45-81f9-c1676d00ae66,
037,As-Saffat,success,5c5ae297-d67a-4035-8be3-3c50b07b02ec,
038,Sad,success,0d25a65f-754a-482a-b395-be0adcde47fe,
039,Az-Zumar,success,e465e05f-506d-4a72-ac54-05f6b209076b,
040,Ghafir,success,1a4dc5d8-8dbe-4f00-9eea-295ffac48419,
041,Fussilat,success,c3999a35-0393-4f74-8caa-a3a023a7ad17,
042,Ash-Shuraa,success,95f7e96d-da1d-432a-bdea-71c85069be3a,
043,Az-Zukhruf,success,32910534-3a76-42c6-9941-e83bf79a08b0,
044,Ad-Dukhan,success,ac58433e-a9fb-415c-a12f-973a1f262493,
045,Al-Jathiyah,success,25402fca-592b-47f1-8c2c-22697ff8a29d,
046,Al-Ahqaf,success,92def39b-30a8-4f29-b112-618d542323d7,
047,Muhammad,success,b1b897ef-f5fa-4e90-9ec2-8bcce1be7797,
048,Al-Fath,success,683f9d3d-b386-4f20-a22f-5a1365fbfbb3,
049,Al-Hujurat,success,56ba3bde-aac4-49fc-8b67-84f9ee95eac7,
050,Qaf,success,fe9b2175-ca8b-4590-8ba3-e22fdb362aa3,
051,Adh-Dhariyat,success,628b8e10-3e10-445d-b412-0044a6eb9f6e,
052,At-Tur,success,d94af439-d4e0-45ea-9538-39296e0c836a,
053,An-Najm,success,496fe095-b207-44d9-9220-e484fa27e5cb,
054,Al-Qamar,success,dddf152c-49ea-4273-94ce-8b42da5ef79a,
055,Ar-Rahman,success,abdb7b81-a79f-47bc-9906-d3c0605b7dbc,
056,Al-Waqi'ah,success,93ee58d1-1f29-4c33-a2af-b69e97cc1682,
057,Al-Hadid,success,dee798c4-b968-4314-93fc-07d8f37202a5,
058,Al-Mujadila,success,0413d361-9870-4d5f-8153-98abe94582cf,
059,Al-Hashr,success,2fdf4591-e463-4848-87eb-51fa3abfddd6,
060,Al-Mumtahanah,success,c6d07107-83fb-4924-b9c4-f3b7a4af8f8b,
061,As-Saf,success,fd0f7912-e25a-4202-9bac-2361c29a7d34,
062,Al-Jumu'ah,success,ed0e8ccb-3d6e-47fb-bb1e-17fd5957bfa7,
063,Al-Munafiqun,success,877f19ed-2dd3-4cf1-ba50-f26aa5c79f3b,
064,At-Taghabun,success,8e40fa81-1494-4aa7-92bc-80bfd8c57597,
065,At-Talaq,success,df65c760-50d1-4918-979b-1d28a59070f4,
066,At-Tahrim,success,1a621b1f-e95c-4227-ac8f-a3dc37f8cf94,
067,Al-Mulk,success,6c565d00-9b7a-4dfd-8664-74cf41619b24,
068,Al-Qalam,success,cdc4c43a-cfe9-468a-a9d6-dc13a08bdd45,
069,Al-Haqqah,success,9b6665f1-aa81-4e16-bbcf-5d7436234299,
070,Al-Ma'arij,success,00258d6b-47ad-40aa-913d-26176a726ce0,
071,Nuh,success,3555d99f-a707-46b7-8d5a-265ae6cfae0e,
072,Al-Jinn,success,58dffa92-bbd2-4c88-844e-c577a29df574,
073,Al-Muzzammil,success,f1dd7d91-f95d-417a-8d76-b1155581d7ab,
074,Al-Muddaththir,success,e31160bc-42e6-4440-94e2-c7173b2149d8,
075,Al-Qiyamah,success,0daa12ad-a3d2-4433-b4c1-7e7be20c5daf,
076,Al-Insan,success,5e1622ff-779f-45c0-a0ea-ac989a19cdb4,
077,Al-Mursalat,success,36888d4c-1abe-4006-8050-34ffbd8d7bcd,
078,An-Naba,success,9657b85e-9af3-4638-9a5e-8357d84f8486,
079,An-Nazi'at,success,b13fc8b5-a2bb-44d0-a007-d7f0e1f3dadc,
080,Abasa,success,a41b0257-f589-45d8-858a-2342b3fb2e28,
081,At-Takwir,success,5114640b-f08b-4008-89c1-be5c5f8a57a8,
082,Al-Infitar,success,65e2ad4f-c57b-48ed-b9bc-11d6550e3e98,
083,Al-Mutaffifin,success,d5efed62-c3a9-41a0-a02b-46497b70207c,
084,Al-Inshiqaq,success,d6f87a58-c6ca-443c-b166-c0b1eaa9a5b7,
085,Al-Buruj,success,1a0c1b2c-76c3-43ab-9112-5fd846383510,
086,At-Tariq,success,1311a3ac-1642-4b63-9d97-aad1b542ac87,
087,Al-A'la,success,014505d3-a843-4499-8011-a9da8274de65,
088,Al-Ghashiyah,success,ee071e44-15e4-4293-8470-59e8330e04ff,
089,Al-Fajr,success,4aa81a73-5e74-4b20-a910-67470cbc479e,
090,Al-Balad,success,acdf5117-c410-4966-9485-7e2bfa142082,
091,Ash-Shams,success,219fec71-e1e4-4eef-a28d-d1b4be92b3ea,
092,Al-Layl,success,47587e16-9850-46a8-a4ff-5baa538bfdc5,
093,Ad-Duhaa,success,5fdc68a0-09a7-4f0d-8e35-eca11dd0e859,
094,Ash-Sharh,success,90d3ba06-82a7-48dc-bc90-ca3ac136339a,
095,At-Tin,success,fc544ded-d3a0-4c28-8504-f336f73994bf,
096,Al-Alaq,success,b8c8a660-1507-44f8-9945-5db49d1730dc,
097,Al-Qadr,success,c6c4ebfe-9e87-4607-a66c-9d34f72dfaa3,
098,Al-Bayyinah,success,8b5ebf71-fcf2-4f4d-ba4b-3eaf8b641a2b,
099,Az-Zalzalah,success,08d52db7-86ab-485e-a8e3-fd1cc092c8de,
100,Al-Adiyat,success,25c86be3-0dab-4318-aa8a-6fa5aeee319c,
101,Al-Qari'ah,success,da4b91e8-a3a8-48e0-95d1-be6e17d9706c,
102,At-Takathur,success,6c771585-5bc5-418f-9702-a94433354ef9,
103,Al-Asr,success,27efbdb3-5db1-46de-8bf6-7c7bef3f25e8,
104,Al-Humazah,success,7dc7bbc1-9baf-4418-9747-4a0f65bef311,
105,Al-Fil,success,12a4ef35-fd8e-4c5c-89b6-518773c62caa,
106,Quraysh,success,25d89b3c-3b03-48cc-aa44-2447cdc5220d,
107,Al-Ma'un,success,5c20cb57-ac3c-4503-be96-f74eb6bcc206,
108,Al-Kawthar,success,e2f9ee4e-cd18-40c6-9a2c-e5f4bec15183,
109,Al-Kafirun,success,ce10b3db-359b-4b57-8ff0-e814c7dc7650,
110,An-Nasr,success,6bc34c12-1e78-4d27-94c3-57ddc1aa7941,
111,Al-Masad,success,df9bf23c-456b-423c-b80b-01911ac95d88,
112,Al-Ikhlas,success,f09fd081-e992-4f1d-905b-22c2a18044d8,
113,Al-Falaq,success,a09a5b08-25a4-48b7-82bc-9bf169029864,
114,An-Nas,success,b3cbe7a0-eeab-4205-a95d-a5877fed4f30,
