number,arabic_name,transliteration,english_meaning,visual_theme,flux_prompt
1,الفاتحة,Al-Fatiha,The Opening,a door opening onto radiant light,"an ornate arched doorway opening onto soft golden light and open sky, symbolizing a beginning, no text, no figures"
2,البقرة,Al-Baqarah,The Cow,a golden wheat field at dawn,"a vast golden wheat field at dawn with a single cow silhouette in soft mist far in the distance, pastoral and serene, no figures, no text"
3,آل عمران,Aal-i-Imran,The Family of Imran,an ancient stone archway and olive grove,"a weathered stone archway framing an olive grove at golden hour, sense of lineage and heritage, no figures, no text"
4,النساء,An-Nisa,The Women,a garden with intertwined blooming vines,"a lush garden trellis with intertwined blooming vines and soft light, symbolizing care and protection, no figures, no text"
5,المائدة,Al-Ma'idah,The Table Spread,a laid table with bread and fruit under open sky,"a simple wooden table set with bread, dates and fruit under open sky at dusk, no figures, no text"
6,الأنعام,Al-An'am,The Cattle,rolling green pastureland,"rolling green pastureland with distant grazing herds in silhouette, warm evening light, no figures, no text"
7,الأعراف,Al-A'raf,The Heights,a mountain ridge overlooking two valleys,"a rocky mountain ridge at sunrise overlooking two contrasting valleys, one lush and one barren, symbolizing a boundary between two paths, no figures, no text"
8,الأنفال,Al-Anfal,The Spoils of War,a battlefield banner and scattered shields,"an old battlefield at dawn with a lone standard banner and scattered shields in mist, solemn tone, no figures, no text"
9,التوبة,At-Tawbah,The Repentance,an open hand releasing doves toward light,"softly falling light rays breaking through storm clouds over an empty desert path, symbolizing return and forgiveness, no figures, no text"
10,يونس,Yunus,Jonah,a whale silhouette beneath moonlit waves,"a vast dark ocean at night with a faint whale silhouette beneath moonlit waves, mysterious and calm, no figures, no text"
11,هود,Hud,Hud,a sandstorm sweeping over an ancient ruin,"a violent sandstorm sweeping over a crumbling ancient stone ruin, dramatic amber sky, no figures, no text"
12,يوسف,Yusuf,Joseph,a deep well beneath a starlit desert sky,"a stone well shaft glimpsed from above beneath a starlit desert night sky, dramatic depth, no figures, no text"
13,الرعد,Ar-Ra'd,The Thunder,lightning over a dark stormy plain,"dramatic lightning bolts splitting a dark stormy sky over an open plain, powerful and awe-inspiring, no figures, no text"
14,ابراهيم,Ibrahim,Abraham,a lone flame in a garden of green,"a single small flame glowing peacefully within a lush green garden untouched by fire, symbolic contrast, no figures, no text"
15,الحجر,Al-Hijr,The Rocky Tract,carved rose-red cliff dwellings,"ancient rose-red sandstone cliff dwellings carved into a canyon wall, warm desert light, no figures, no text"
16,النحل,An-Nahl,The Bee,a golden honeycomb glowing in sunlight,"a intricate golden honeycomb glowing in warm sunlight with soft bokeh, detailed macro texture, no figures, no text"
17,الإسراء,Al-Isra,The Night Journey,a starlit path ascending into the sky,"a luminous path of light ascending from a moonlit mosque silhouette into a starry night sky, ethereal, no figures, no text"
18,الكهف,Al-Kahf,The Cave,a shaft of light entering a dark cave,"a single beam of sunlight piercing into a dark stone cave interior, dust particles visible, mysterious and calm, no figures, no text"
19,مريم,Maryam,Mary,a palm tree beside a quiet stream,"a solitary date palm tree beside a quiet flowing stream, soft golden light, serene and gentle, no figures, no text"
20,طه,Ta-Ha,Ta-Ha,a burning bush glowing on a mountainside,"a mystical glowing bush on a rocky mountainside at dusk, soft warm light emanating outward, no figures, no text"
21,الأنبياء,Al-Anbiya,The Prophets,a row of ancient lanterns lighting a path,"a row of glowing ancient oil lanterns lining a stone path into darkness, symbolizing guidance across generations, no figures, no text"
22,الحج,Al-Hajj,The Pilgrimage,a cube-shaped sanctuary surrounded by circling light trails,"an abstract black cube-form sanctuary at the center of concentric circling light trails, symbolizing pilgrimage and unity, no figures, no text"
23,المؤمنون,Al-Mu'minun,The Believers,a lantern glowing steady in a quiet courtyard,"a single brass lantern glowing steadily in a quiet stone courtyard at night, peaceful devotion, no figures, no text"
24,النور,An-Nur,The Light,a niche lamp radiating layered light,"a glass oil lamp glowing inside an ornate wall niche, radiant layered light beams, warm and luminous, no figures, no text"
25,الفرقان,Al-Furqan,The Criterion,a beam of light dividing day from night,"a dramatic horizon where a sharp beam of light divides a bright sky from a dark starry sky, symbolizing distinction between truth and falsehood, no figures, no text"
26,الشعراء,Ash-Shu'ara,The Poets,an open scroll fluttering in wind,"an old parchment scroll unrolling and fluttering gently in desert wind, ink calligraphic patterns visible, no figures, no text"
27,النمل,An-Naml,The Ant,a trail of ants beneath a towering green stalk,"a macro view of an ant trail winding beneath a towering green plant stalk, dew-lit morning light, no text"
28,القصص,Al-Qasas,The Stories,an oasis reflecting a golden sunset,"a tranquil desert oasis reflecting a golden sunset sky, palm trees at the edge, storytelling and journey mood, no figures, no text"
29,العنكبوت,Al-Ankabut,The Spider,a dew-covered spider web at sunrise,"an intricate spider web covered in morning dew catching golden sunrise light, delicate and fragile, no figures, no text"
30,الروم,Ar-Rum,The Romans,ancient stone columns at dusk,"weathered ancient Roman-style stone columns standing in ruins at dusk, empty and contemplative, no figures, no text"
31,لقمان,Luqman,Luqman,a father and child's footprints in sand,"two sets of footprints, one small one large, walking together across a quiet sand dune at sunrise, symbolizing wisdom and guidance, no figures, no text"
32,السجدة,As-Sajdah,The Prostration,a mountain valley bowed in mist,"a mountain valley blanketed in low morning mist, layered ridgelines suggesting quiet reverence, no figures, no text"
33,الأحزاب,Al-Ahzab,The Combined Forces,a fortified stone wall beneath a stormy sky,"a fortified ancient stone city wall beneath a gathering stormy sky, defensive and resolute mood, no figures, no text"
34,سبإ,Saba,Sheba,a lush garden turned to sparse ruins,"a split composition of a once-lush terraced garden now fading into sparse dry ruins, symbolizing change of fortune, no figures, no text"
35,فاطر,Fatir,Originator,a single seed sprouting from cracked earth,"a macro shot of a single green seedling sprouting from cracked dry earth, symbolizing origination and creation, no figures, no text"
36,يس,Ya-Sin,Ya-Sin,a heart-shaped glow at the center of a starfield,"an abstract radiant glow at the center of a deep starfield, resembling the heart of the cosmos, symbolic and profound, no figures, no text"
37,الصافات,As-Saffat,Those Who Set The Ranks,birds flying in orderly formation,"a flock of birds in silhouette flying in tight orderly formation across a dawn sky, no text"
38,ص,Sad,Sad,an ornate throne room bathed in light,"an empty ornate throne room bathed in soft golden light through high windows, regal and contemplative, no figures, no text"
39,الزمر,Az-Zumar,The Troops,layered columns of light converging,"multiple layered beams of soft light converging toward a single bright point in the sky, symbolizing gathering groups, no figures, no text"
40,غافر,Ghafir,The Forgiver,gentle rain washing over parched ground,"soft gentle rain falling over cracked parched desert ground, renewal and mercy mood, no figures, no text"
41,فصلت,Fussilat,Explained in Detail,an intricate mosaic pattern in close detail,"an intricate geometric Islamic mosaic tilework pattern shown in close detail, richly layered symmetry, no text"
42,الشورى,Ash-Shuraa,The Consultation,a circle of lanterns around an empty courtyard,"a circle of glowing lanterns surrounding an empty stone courtyard, symbolizing consultation and community, no figures, no text"
43,الزخرف,Az-Zukhruf,The Gold Adornments,ornate gold filigree patterns,"richly detailed ornate gold filigree decorative pattern catching warm light, luxurious texture, no text"
44,الدخان,Ad-Dukhan,The Smoke,a wisp of smoke rising into a red sky,"a thin wisp of dark smoke rising into a dramatic red-orange sky, ominous and striking, no figures, no text"
45,الجاثية,Al-Jathiyah,The Crouching,a low mountain range beneath a heavy sky,"a low crouching mountain range beneath a heavy overcast sky, humble and weighty mood, no figures, no text"
46,الأحقاف,Al-Ahqaf,The Wind-Curved Sandhills,rippling desert dunes carved by wind,"vast rippling sand dunes shaped by wind, dramatic shadow patterns at sunset, no figures, no text"
47,محمد,Muhammad,Muhammad,a single olive branch in soft light,"a single olive branch with leaves glowing in soft warm light against a plain neutral background, peace symbolism, no figures, no text"
48,الفتح,Al-Fath,The Victory,dawn light breaking over an open gate,"dawn light breaking gloriously over a grand open stone gate, victorious and hopeful mood, no figures, no text"
49,الحجرات,Al-Hujurat,The Rooms,a row of doorways in a quiet stone hallway,"a row of arched doorways along a quiet sunlit stone hallway, symbolizing private rooms and etiquette, no figures, no text"
50,ق,Qaf,Qaf,a solitary mountain peak piercing clouds,"a solitary dramatic mountain peak piercing through clouds at sunrise, majestic and vast, no figures, no text"
51,الذاريات,Adh-Dhariyat,The Winnowing Winds,wheat chaff scattering in the wind,"golden wheat chaff scattering dramatically in strong wind against a bright sky, dynamic motion, no figures, no text"
52,الطور,At-Tur,The Mount,a rugged mountain wrapped in clouds,"a rugged solitary mountain wrapped in low clouds at dawn, sacred and still, no figures, no text"
53,النجم,An-Najm,The Star,a brilliant star descending over dark hills,"a single brilliant star streaking softly down over dark silhouetted hills, celestial and quiet, no figures, no text"
54,القمر,Al-Qamar,The Moon,a full moon split by soft cloud,"a luminous full moon partially veiled by soft drifting clouds, dramatic night sky, no figures, no text"
55,الرحمن,Ar-Rahman,The Beneficent,twin gardens with flowing fountains,"two mirrored lush gardens with flowing fountains and abundant greenery, paradise-like symmetry, no figures, no text"
56,الواقعة,Al-Waqi'ah,The Inevitable,a horizon split between storm and clear sky,"a dramatic horizon split between a dark storm on one side and clear golden sky on the other, symbolizing inevitable outcomes, no figures, no text"
57,الحديد,Al-Hadid,The Iron,forged iron patterns glowing with heat,"close-up of forged iron with glowing ember-orange patterns, strength and craftsmanship, no figures, no text"
58,المجادلة,Al-Mujadila,The Pleading Woman,a quiet curtained doorway in soft light,"a quiet curtained doorway with soft light filtering through fabric, intimate and contemplative, no figures, no text"
59,الحشر,Al-Hashr,The Exile,palm trees left behind in an empty field,"a row of tall palm trees standing in an otherwise empty field at dusk, quiet and solemn, no figures, no text"
60,الممتحنة,Al-Mumtahanah,She That Is To Be Examined,a set of scales balanced in soft light,"an old brass balance scale in perfect equilibrium, softly lit, symbolizing testing and examination, no figures, no text"
61,الصف,As-Saf,The Ranks,tall trees in a straight orderly row,"tall cypress trees standing in a perfectly straight orderly row along a path, disciplined symmetry, no figures, no text"
62,الجمعة,Al-Jumu'ah,The Congregation Friday,rows of prayer mats in a sunlit courtyard,"neat rows of textile prayer mats laid out in a sunlit stone courtyard, communal and peaceful, no figures, no text"
63,المنافقون,Al-Munafiqun,The Hypocrites,a cracked mask lying in shadow,"a cracked decorative mask lying half in shadow half in light, symbolizing concealment and duality, no figures, no text"
64,التغابن,At-Taghabun,The Mutual Disillusion,two paths diverging in a foggy field,"two paths diverging in a foggy open field at dawn, one bright one dim, symbolizing differing outcomes, no figures, no text"
65,الطلاق,At-Talaq,The Divorce,a single thread unraveling from woven cloth,"a close-up of a single thread unraveling gently from an intricately woven cloth, symbolic separation, no figures, no text"
66,التحريم,At-Tahrim,The Prohibition,a locked ornate door in dim light,"an ornate wooden door with a heavy lock, dimly lit hallway, symbolizing restriction, no figures, no text"
67,الملك,Al-Mulk,The Sovereignty,a vast night sky viewed from below a canopy,"a vast starry night sky viewed upward through the silhouette of a tree canopy, sense of dominion and vastness, no figures, no text"
68,القلم,Al-Qalam,The Pen,an old feather quill and inkwell on parchment,"a vintage feather quill resting beside an inkwell on aged parchment paper, warm candlelight, no figures, no text"
69,الحاقة,Al-Haqqah,The Reality,a clear still lake reflecting the sky exactly,"a perfectly still lake reflecting the sky with mirror-like clarity, symbolizing undeniable truth, no figures, no text"
70,المعارج,Al-Ma'arij,The Ascending Stairways,a stone staircase spiraling into clouds,"an ancient stone staircase spiraling upward and disappearing into soft clouds, ascending and infinite, no figures, no text"
71,نوح,Nuh,Noah,a wooden ark on rising floodwaters,"a large wooden ark silhouette on dark rising floodwaters under a stormy sky, dramatic and monumental, no figures, no text"
72,الجن,Al-Jinn,The Jinn,a wisp of smoke forming a subtle shape in moonlight,"an abstract wisp of pale smoke curling into a subtle indistinct shape under moonlight, mysterious and otherworldly, no figures, no text"
73,المزمل,Al-Muzzammil,The Enshrouded One,a folded blanket beside a softly lit window,"a softly folded woolen blanket resting beside a window with pale early morning light, quiet solitude, no figures, no text"
74,المدثر,Al-Muddaththir,The Cloaked One,a cloak draped over a chair in dawn light,"a simple woven cloak draped over a wooden chair, first light of dawn entering through a window, no figures, no text"
75,القيامة,Al-Qiyamah,The Resurrection,cracked earth with a single sprouting light,"dramatic cracked dry earth with a single beam of soft light rising from a crack, symbolizing resurrection, no figures, no text"
76,الانسان,Al-Insan,The Man,a cup of clear water beside blooming silk fabric,"a simple cup of clear water beside flowing silk fabric in soft light, symbolizing generosity and reward, no figures, no text"
77,المرسلات,Al-Mursalat,The Emissaries,winds sweeping visible ripples across a wheat field,"strong winds sweeping visible ripple patterns across a golden wheat field, dynamic and sweeping motion, no figures, no text"
78,النبإ,An-Naba,The Tidings,a dramatic sky split by a shaft of dawn light,"a dramatic layered sky at the moment of dawn, a single bright shaft of light breaking through clouds, momentous mood, no figures, no text"
79,النازعات,An-Nazi'at,Those Who Drag Forth,a sky heavy with dark descending clouds,"a heavy dramatic sky with dark clouds descending low over a barren landscape, tense atmosphere, no figures, no text"
80,عبس,Abasa,He Frowned,a wilted flower beside a thriving one,"a close-up contrast of one wilted flower beside a vibrant thriving flower in the same frame, soft light, no figures, no text"
81,التكوير,At-Takwir,The Overthrowing,the sun dimming behind swirling dark clouds,"a dramatic sun dimming and swirling behind dark storm clouds, apocalyptic but painterly mood, no figures, no text"
82,الإنفطار,Al-Infitar,The Cleaving,a sky cracking open with brilliant light behind,"an abstract sky depicted as if cracking open, brilliant light pouring through the fissures, dramatic, no figures, no text"
83,المطففين,Al-Mutaffifin,The Defrauding,an uneven balance scale in dim light,"an old brass balance scale tilted unevenly, dim moody lighting, symbolizing dishonest measure, no figures, no text"
84,الإنشقاق,Al-Inshiqaq,The Splitting Open,the moon shown splitting with radiant light,"an artistic depiction of the moon appearing to split with radiant light emanating from the crack, symbolic and dramatic, no figures, no text"
85,البروج,Al-Buruj,The Mansions of the Stars,constellations traced in a deep night sky,"a deep night sky with clearly traced bright constellations and star clusters, majestic and vast, no figures, no text"
86,الطارق,At-Tariq,The Morning Star,a single piercing star above a dark horizon,"a single brilliant piercing star above a dark quiet horizon at night, minimal and striking, no figures, no text"
87,الأعلى,Al-A'la,The Most High,a mountain summit above a sea of clouds,"a dramatic mountain summit rising above a sea of clouds at sunrise, transcendent and elevated, no figures, no text"
88,الغاشية,Al-Ghashiyah,The Overwhelming,a vast dark wave cresting under a pale sky,"a vast dramatic ocean wave cresting under a pale overcast sky, overwhelming scale, no figures, no text"
89,الفجر,Al-Fajr,The Dawn,soft pink light breaking over a quiet desert,"soft pink and gold dawn light breaking over a calm empty desert landscape, peaceful and fresh, no figures, no text"
90,البلد,Al-Balad,The City,narrow stone streets of an old hillside town,"narrow winding stone streets of an old hillside town at dusk, warm lantern light in windows, no figures, no text"
91,الشمس,Ash-Shams,The Sun,a brilliant sunrise over open water,"a brilliant radiant sunrise reflecting over calm open water, warm and luminous, no figures, no text"
92,الليل,Al-Layl,The Night,a deep blue starlit sky over silent hills,"a deep blue starlit night sky over silent rolling hills, tranquil and vast, no figures, no text"
93,الضحى,Ad-Duhaa,The Morning Hours,soft warm light filling an empty room,"soft warm morning light filling a simple empty room through a window, gentle and hopeful, no figures, no text"
94,الشرح,Ash-Sharh,The Relief,a tight knot loosening into flowing ribbon,"an abstract close-up of a tight rope knot gently loosening into a flowing ribbon, symbolizing relief after hardship, no figures, no text"
95,التين,At-Tin,The Fig,ripe figs on a sunlit branch,"ripe figs hanging on a sunlit branch with soft green leaves, warm natural light, no figures, no text"
96,العلق,Al-Alaq,The Clot,a single drop of dew forming on a leaf tip,"a macro shot of a single drop of dew forming and about to fall from a leaf tip, delicate beginning of life, no figures, no text"
97,القدر,Al-Qadr,The Power,a radiant night sky brighter than a thousand stars,"an extraordinarily radiant deep night sky filled with dense brilliant stars, more luminous than usual, majestic, no figures, no text"
98,البينة,Al-Bayyinah,The Clear Proof,an open illuminated scroll on a stand,"an open illuminated manuscript scroll resting on a wooden stand, soft warm light, clarity and evidence, no figures, no text"
99,الزلزلة,Az-Zalzalah,The Earthquake,cracked earth with fine fissures spreading,"dramatic close-up of dry earth with fine cracks and fissures spreading outward, tense and powerful, no figures, no text"
100,العاديات,Al-Adiyat,The Courser,dust clouds kicked up on a racing desert trail,"dramatic dust clouds kicked up along an empty desert trail at dawn, sense of swift motion, no figures, no text"
101,القارعة,Al-Qari'ah,The Calamity,a shattering sky with fragments of light,"an abstract dramatic sky depicted as shattering into fragments of brilliant light, intense and startling, no figures, no text"
102,التكاثر,At-Takathur,The Rivalry in World Increase,overflowing piles of coins and jewels fading to dust,"an ornate pile of gold coins and jewels that fades into dust and sand at the edges, symbolizing fleeting wealth, no figures, no text"
103,العصر,Al-Asr,The Declining Day,a long shadow stretching at sunset,"a long dramatic shadow stretching across an empty plain at sunset, symbolizing the passage of time, no figures, no text"
104,الهمزة,Al-Humazah,The Traducer,a cracked mirror reflecting distorted light,"a cracked antique mirror reflecting distorted fragmented light, unsettling mood, no figures, no text"
105,الفيل,Al-Fil,The Elephant,a stormy sky over an ancient battlefield with distant birds,"a dramatic stormy sky over an ancient empty battlefield, a flock of small birds in silhouette overhead, no figures, no text"
106,قريش,Quraysh,Quraysh,a caravan trail of footprints across dunes,"a winding caravan trail of footprints and cart tracks across vast desert dunes, trade and journey mood, no figures, no text"
107,الماعون,Al-Ma'un,The Small Kindnesses,a simple bowl shared between two empty seats,"a simple wooden bowl of food placed on a table between two empty seats, quiet generosity, no figures, no text"
108,الكوثر,Al-Kawthar,The Abundance,a flowing spring surrounded by lush greenery,"an abundant flowing natural spring surrounded by lush green plants, generous and vivid, no figures, no text"
109,الكافرون,Al-Kafirun,The Disbelievers,two separate paths lit by different colored light,"two clearly separate paths diverging under different colored light, one warm one cool, symbolizing distinct beliefs, no figures, no text"
110,النصر,An-Nasr,The Divine Support,crowds of doves rising over a golden city skyline,"a flock of doves rising in silhouette over a warm golden city skyline at sunset, triumphant, no figures, no text"
111,المسد,Al-Masad,The Palm Fiber,a twisted rope fraying and burning at the end,"a twisted palm-fiber rope fraying and smoldering at one end, dark warning mood, no figures, no text"
112,الإخلاص,Al-Ikhlas,The Sincerity,a single perfect circle of light,"a single perfect glowing circle of pure light centered on a plain dark background, minimal and profound, symbolizing oneness, no figures, no text"
113,الفلق,Al-Falaq,The Daybreak,the first crack of light at the horizon,"the very first thin crack of light appearing at a dark horizon just before sunrise, symbolizing daybreak and refuge, no figures, no text"
114,الناس,An-Nas,The Mankind,countless small lights scattered across a dark field,"countless small warm lights scattered like a gathered community across a dark quiet field, symbolizing mankind, no figures, no text"
